Status,Candidate Name,Notes
IMPORTED,Hans-Joachim Engelke,Did not participate
IMPORTED,Matt Watkins,Did not participate
IMPORTED,Tammy Kenfield,Did not participate
IMPORTED,Fred Brink,Participated
IMPORTED,May Hays,Did not participate
IMPORTED,Warren Hughs,Participated
IMPORTED,John Trumbo,Did not participate
IMPORTED,Gloria Tyler Baker,Participated
IMPORTED,Brad Klippert,Participated
IMPORTED,Pat Holten,Participated
IMPORTED,Robert Walko,Did not participate
IMPORTED,Donald Landsman,Did not participate
IMPORTED,John Maier,Did not participate
IMPORTED,Colin Michael,Did not participate
IMPORTED,Ryan Whitten,Did not participate
IMPORTED,Kurt H Maier,Did not participate
IMPORTED,Kyle Saltz,Did not participate
IMPORTED,Jason McShane,Did not participate
IMPORTED,Austin Miller,Participated
IMPORTED,Ken Stoker,Did not participate
IMPORTED,David Cole,Participated
IMPORTED,Robert Harvey Perkes,Did not participate
IMPORTED,Nancy Aldrich,Did not participate
IMPORTED,John Smart,Participated
IMPORTED,Richard Bloom,Participated
IMPORTED,Braden Sloughter,Participated
IMPORTED,Mark Anthony Figueroa,Did not participate
IMPORTED,Leo Perales,Participated
IMPORTED,Bryan Verhei,Participated
IMPORTED,Loren Anderson,Did not participate
IMPORTED,Melissa Blasdel,Did not participate
IMPORTED,Calixto Hernandez,Did not participate
IMPORTED,Pete Serrano,Did not participate
IMPORTED,Robert Franklin,Participated
IMPORTED,Micah Valentine,Did not participate
IMPORTED,Gabe Galbraith,Did not participate
IMPORTED,Nic Uhnak,Did not participate
IMPORTED,Jacques Bakhazi,Did not participate
IMPORTED,Bonnie Mitchell,Participated
IMPORTED,Rick Jansons,Did not participate
IMPORTED,Scott Lehrman,Did not participate
IMPORTED,Valerie Torres,Participated
IMPORTED,Heather Kubalek,Participated
IMPORTED,Amanda Brown,Participated
IMPORTED,Steve Christensen,Participated